{
  "author": {
    "email": "nitdpm@disaster.go.th",
    "name": "กรมป้องกันและบรรเทาสาธารณภัย (026126000)"
  },
  "description": "ปัจจัยของการเกิดการอุบัติเหตุทางถนน ประกอบด้วย ลักษณะของถนน ทัศนวิสัยในการขับขี่ยวดยาน สภาพอากาศ โดยแยกตามรายเดือน ตั้งแต่ปี 2005 - ปัจจุบัน",
  "keywords": [
    "อุบัติเหตุการจราจร"
  ],
  "license": {
    "title": "DGA Open Government License",
    "type": "ogl"
  },
  "name": "accident",
  "resources": [
    {
      "format": "CSV",
      "name": "accident-dataset-47617",
      "path": "accident-dataset-47617.csv",
      "schema": {
        "fields": [
          {
            "name": "ACCIDENT_ID",
            "type": "number"
          },
          {
            "name": "LOCATE_ID_DISTRICT",
            "type": "number"
          },
          {
            "name": "LOCATE_ID_POLICE",
            "type": "number"
          },
          {
            "name": "ACCIDENT_MONTH",
            "type": "number"
          },
          {
            "name": "ACCIDENT_YEAR",
            "type": "number"
          },
          {
            "name": "ACCIDENT_COST",
            "type": "number"
          },
          {
            "name": "HUMAN_ADMIT",
            "type": "number"
          },
          {
            "name": "HUMAN_DEAD",
            "type": "number"
          },
          {
            "name": "ROADTYPE_ID",
            "type": "number"
          },
          {
            "name": "ROADSKIN_ID",
            "type": "number"
          },
          {
            "name": "ACDPOINT_ID",
            "type": "number"
          },
          {
            "name": "ATMOSPHERE_ID",
            "type": "number"
          },
          {
            "name": "LIGHT_ID",
            "type": "number"
          },
          {
            "name": "GIS_E",
            "type": "number"
          },
          {
            "name": "GIS_N",
            "type": "number"
          },
          {
            "name": "GIS_LAT",
            "type": "number"
          },
          {
            "name": "GIS_LNG",
            "type": "number"
          },
          {
            "name": "PERSON_GENDER",
            "type": "number"
          },
          {
            "name": "PERSON_AGE",
            "type": "number"
          },
          {
            "name": "PERSON_TYPE",
            "type": "number"
          },
          {
            "name": "PERSON_STATE",
            "type": "number"
          },
          {
            "name": "LOCATE_PROVINCE",
            "type": "number"
          },
          {
            "name": "LOCATE_DOMICILE",
            "type": "number"
          },
          {
            "name": "LOCATE_AREATYPE",
            "type": "number"
          },
          {
            "name": "HEALTH_DEADPLACE",
            "type": "number"
          },
          {
            "name": "HEALTH_EMSSEND",
            "type": "number"
          }
        ]
      },
      "sources": [
        {
          "path": "https://data.go.th/dataset/7e8378e8-5720-4204-ba98-a7978a27c70c/resource/d34cc5ae-3283-4f01-8f01-d96247f1e6d8/download/accident_dataset_47617.csv",
          "title": "accident_dataset_47617"
        }
      ],
      "title": "accident_dataset_47617"
    },
    {
      "format": "CSV",
      "name": "accident-dataset-90990",
      "path": "accident-dataset-90990.csv",
      "schema": {
        "fields": [
          {
            "name": "ACCIDENT_ID",
            "type": "number"
          },
          {
            "name": "LOCATE_ID_DISTRICT",
            "type": "number"
          },
          {
            "name": "LOCATE_ID_POLICE",
            "type": "number"
          },
          {
            "name": "ACCIDENT_MONTH",
            "type": "number"
          },
          {
            "name": "ACCIDENT_YEAR",
            "type": "number"
          },
          {
            "name": "ACCIDENT_COST",
            "type": "number"
          },
          {
            "name": "HUMAN_ADMIT",
            "type": "number"
          },
          {
            "name": "HUMAN_DEAD",
            "type": "number"
          },
          {
            "name": "ROADTYPE_ID",
            "type": "number"
          },
          {
            "name": "ROADSKIN_ID",
            "type": "number"
          },
          {
            "name": "ACDPOINT_ID",
            "type": "number"
          },
          {
            "name": "ATMOSPHERE_ID",
            "type": "number"
          },
          {
            "name": "LIGHT_ID",
            "type": "number"
          },
          {
            "name": "GIS_E",
            "type": "number"
          },
          {
            "name": "GIS_N",
            "type": "number"
          },
          {
            "name": "GIS_LAT",
            "type": "number"
          },
          {
            "name": "GIS_LNG",
            "type": "number"
          },
          {
            "name": "PERSON_GENDER",
            "type": "number"
          },
          {
            "name": "PERSON_AGE",
            "type": "number"
          },
          {
            "name": "PERSON_TYPE",
            "type": "number"
          },
          {
            "name": "PERSON_STATE",
            "type": "number"
          },
          {
            "name": "LOCATE_PROVINCE",
            "type": "number"
          },
          {
            "name": "LOCATE_DOMICILE",
            "type": "number"
          },
          {
            "name": "LOCATE_AREATYPE",
            "type": "number"
          },
          {
            "name": "HEALTH_DEADPLACE",
            "type": "number"
          },
          {
            "name": "HEALTH_EMSSEND",
            "type": "number"
          }
        ]
      },
      "sources": [
        {
          "path": "https://data.go.th/dataset/7e8378e8-5720-4204-ba98-a7978a27c70c/resource/b446d076-205b-44bb-9302-96e3e32b76cd/download/accident_dataset_90990.csv",
          "title": "accident_dataset_90990"
        }
      ],
      "title": "accident_dataset_90990"
    },
    {
      "format": "CSV",
      "name": "accident-dataset-140162",
      "path": "accident-dataset-140162.csv",
      "schema": {
        "fields": [
          {
            "name": "ACCIDENT_ID",
            "type": "number"
          },
          {
            "name": "LOCATE_ID_DISTRICT",
            "type": "number"
          },
          {
            "name": "LOCATE_ID_POLICE",
            "type": "number"
          },
          {
            "name": "ACCIDENT_MONTH",
            "type": "number"
          },
          {
            "name": "ACCIDENT_YEAR",
            "type": "number"
          },
          {
            "name": "ACCIDENT_COST",
            "type": "number"
          },
          {
            "name": "HUMAN_ADMIT",
            "type": "number"
          },
          {
            "name": "HUMAN_DEAD",
            "type": "number"
          },
          {
            "name": "ROADTYPE_ID",
            "type": "number"
          },
          {
            "name": "ROADSKIN_ID",
            "type": "number"
          },
          {
            "name": "ACDPOINT_ID",
            "type": "number"
          },
          {
            "name": "ATMOSPHERE_ID",
            "type": "number"
          },
          {
            "name": "LIGHT_ID",
            "type": "number"
          },
          {
            "name": "GIS_E",
            "type": "number"
          },
          {
            "name": "GIS_N",
            "type": "number"
          },
          {
            "name": "GIS_LAT",
            "type": "number"
          },
          {
            "name": "GIS_LNG",
            "type": "number"
          },
          {
            "name": "PERSON_GENDER",
            "type": "number"
          },
          {
            "name": "PERSON_AGE",
            "type": "number"
          },
          {
            "name": "PERSON_TYPE",
            "type": "number"
          },
          {
            "name": "PERSON_STATE",
            "type": "number"
          },
          {
            "name": "LOCATE_PROVINCE",
            "type": "number"
          },
          {
            "name": "LOCATE_DOMICILE",
            "type": "number"
          },
          {
            "name": "LOCATE_AREATYPE",
            "type": "number"
          },
          {
            "name": "HEALTH_DEADPLACE",
            "type": "number"
          },
          {
            "name": "HEALTH_EMSSEND",
            "type": "number"
          }
        ]
      },
      "sources": [
        {
          "path": "https://data.go.th/dataset/7e8378e8-5720-4204-ba98-a7978a27c70c/resource/4014d95d-a920-43fb-b901-745a5ded47dd/download/accident_dataset_140162.csv",
          "title": "accident_dataset_140162"
        }
      ],
      "title": "accident_dataset_140162"
    },
    {
      "format": "CSV",
      "name": "accident-dataset-177816",
      "path": "accident-dataset-177816.csv",
      "schema": {
        "fields": [
          {
            "name": "ACCIDENT_ID",
            "type": "number"
          },
          {
            "name": "LOCATE_ID_DISTRICT",
            "type": "number"
          },
          {
            "name": "LOCATE_ID_POLICE",
            "type": "number"
          },
          {
            "name": "ACCIDENT_MONTH",
            "type": "number"
          },
          {
            "name": "ACCIDENT_YEAR",
            "type": "number"
          },
          {
            "name": "ACCIDENT_COST",
            "type": "number"
          },
          {
            "name": "HUMAN_ADMIT",
            "type": "number"
          },
          {
            "name": "HUMAN_DEAD",
            "type": "number"
          },
          {
            "name": "ROADTYPE_ID",
            "type": "number"
          },
          {
            "name": "ROADSKIN_ID",
            "type": "number"
          },
          {
            "name": "ACDPOINT_ID",
            "type": "number"
          },
          {
            "name": "ATMOSPHERE_ID",
            "type": "number"
          },
          {
            "name": "LIGHT_ID",
            "type": "number"
          },
          {
            "name": "GIS_E",
            "type": "number"
          },
          {
            "name": "GIS_N",
            "type": "number"
          },
          {
            "name": "GIS_LAT",
            "type": "number"
          },
          {
            "name": "GIS_LNG",
            "type": "number"
          },
          {
            "name": "PERSON_GENDER",
            "type": "number"
          },
          {
            "name": "PERSON_AGE",
            "type": "number"
          },
          {
            "name": "PERSON_TYPE",
            "type": "number"
          },
          {
            "name": "PERSON_STATE",
            "type": "number"
          },
          {
            "name": "LOCATE_PROVINCE",
            "type": "number"
          },
          {
            "name": "LOCATE_DOMICILE",
            "type": "number"
          },
          {
            "name": "LOCATE_AREATYPE",
            "type": "number"
          },
          {
            "name": "HEALTH_DEADPLACE",
            "type": "number"
          },
          {
            "name": "HEALTH_EMSSEND",
            "type": "number"
          }
        ]
      },
      "sources": [
        {
          "path": "https://data.go.th/dataset/7e8378e8-5720-4204-ba98-a7978a27c70c/resource/845e07dd-d914-4652-9062-cc22d601bc56/download/accident_dataset_177816.csv",
          "title": "accident_dataset_177816"
        }
      ],
      "title": "accident_dataset_177816"
    },
    {
      "format": "XLSX",
      "name": "data-dictionary-accident-dataset",
      "path": "data-dictionary-accident-dataset.xlsx",
      "schema": {
        "fields": [
          {
            "name": "Detail",
            "type": "string"
          }
        ]
      },
      "sources": [
        {
          "path": "https://data.go.th/dataset/7e8378e8-5720-4204-ba98-a7978a27c70c/resource/da503db6-f354-418a-b4b6-cd5ab583b791/download/data-dictionary-accident-dataset.xlsx",
          "title": "data-dictionary-accident-dataset"
        }
      ],
      "title": "data-dictionary-accident-dataset"
    }
  ],
  "title": "ข้อมูลการเกิดอุบัติเหตุทางถนน"
}